"页码","微博id","微博作者","发布时间","点赞数","评论数","转发数","微博内容"
55,4945471573069942,"天才小熊猫","2023-09-13 11:29:28",52001,3147,6902,"帮 总结 一下 昨晚 苹果 发布会 主要 内容 苹果 新品 发布会 苹果 发布会 亮点 回顾 iphone"
45,4948775992820459,"追风少女恬不二","2023-09-22 14:20:03",15413,2434,2252,"外卖 不敢 放 门口 外卖 进化 进步 送到 门口 提前 小区 门口 饿 小哥 话 说 饿 今天 这波 操作 大气层 直接 没 抢 首发 一个 surprise 饿 app 搜索 新机 发售 现货 配送 速度 杠杠 游戏 功夫 快乐 开箱 想买 iPhone15 全文"
1,4947789735264452,"凰家评测","2023-09-19 21:01:00",8965,1370,1941,"iPhone15 Pro 该选 iPhone 15 Pro 系列 评测 拍照 不再 锐 长焦 不再 废 鬼影 丨 凰 家 评测 iPhone15 评测 苹果 新 发布 旗舰 手机 iPhone 15 Pro iPhone 15 Pro Max 带来 不少 问题 取代 静音 拨片 操作 按钮 好不好 换装 C 口后 充电 有没有 更 便捷 影像 表现 A17 Pro 真能 跑 A 游戏 全文"
1,4947789483868268,"迪仔Dizzz","2023-09-19 21:00:00",8553,5723,8454,"iPhone 15 系列 体验 新 配色 拍人 更好 分享 iPhone 15 从里到外 细节 感受 新 粉色 实物 翻车 几天 朝夕相处 颜色 看起来 一点 不腻 肉眼 灵动 岛 新 接口 影像 升级 入手 iPhone 15 最大 亮点 iPhone 15 iPhone15 评测 全文"
75,4583819200432496,"手机中国","2020-12-19 12:12:03",6616,2333,5959,"iPhone 12 系列 体验 官 记得 去年 iPhone 11 体验 官吗 体验 iPhone 11 活动 一次 邀请 11 位安卓 用户 深度 体验 iPhone 今年 CNMO 打算 玩点 今天 全网 招募 iPhone 12 系列 体验 官 没错 iPhone 12 全系 产品 都有 一个 喜欢 创作 能够 视频 讲述 全文"
1,4949891689219955,"萌叔小熊猫","2023-09-25 16:13:26",6285,753,626,"第一 时间 拿到 iPhone 2023 版 依然 年 年 换 新 特殊 通道 今年 这事 忘 预约 晚 第二天 拿到 顺手 手表 升级 Ultra 方面 代了 确实 可换 可不 换 升级 不大 强迫症 这种 重度 依赖 手表 选择 更 流畅 更亮 多出 24 小时 续航 有点 优势 手机 方面 只能 说 iPh 全文"
1,4947789484658121,"Derrick_Zhang_","2023-09-19 21:00:01",5921,4528,9040,"首发 iPhone 15 系列 实拍 样片 一年 一年 展现 iPhone 系列 影像 能力 过去 48 小时 使用 iPhone 15 系列 紧密 完成 一部 短片 拍摄 永不 熄灭 火焰 短片 描述 彝族 大自然 观察 世界 理解 塑造出 独特 彝族 美学 美的 理解 经由 彝族 匠人 代代传 承 延 全文"
75,4559781530435807,"Apple支持","2020-10-14 04:14:56",5554,1176,457,"四款 G 新 iPhone 来啦 多款 MagSafe 磁吸 配件 动静 不小 HomePod mini 错过 有料 发布会 帮 整理 点 开速看 苹果 发布会"
1,4950695967987827,"是Harvey","2023-09-27 21:29:21",5514,259,5030,"一大早 顺丰 电话 叫醒 终于 拿到 iPhone 15 Pro Max 两年 一直 华为 P50 Pro Mate 60 心动 为啥 最后 抢 果子 主要 原因 工作 需要 用到 Mac 我用 FCP 剪辑 六年 太熟 真 离不开 剪辑 软件 平时 华为 拍 照片 视频 回来 传输 要用 数据线 连接 电脑 打开 一个 全文"
52,4948774730335388,"小新测评","2023-09-22 14:15:02",5276,1591,1583,"外卖 不敢 放 门口 前 一秒 世界 一个 乐子 一秒 饿 iPhone15 现货 没错 马上 打开 饿 搜索 新机 发售 进入 Apple 授权 店 赶紧 试试 手气 不行 天 14 天 预约 发货 这不比 网购 平台 送 快 毕竟 蓝 骑士 半小时 送到 买 iPhone 15 饿"
55,4945433442123893,"李铁柱之冠","2023-09-13 08:57:56",4615,884,74,"今年 iPhone15 系列 发布会 感觉 特别 诡异 第一 今年 苹果 热 搜 好像 没买 头条 微 博 抖 音 百度 Huawei 排名 苹果 前面 提到 苹果 阴阳怪气 十分 清奇 角度 看待 发布会 第二 说 苹果 大约 统计 一下 基本上 以唱衰 为主 提到 苹果 提 Huawei 想 夸 全文"
52,4948774729811161,"科技评测青年","2023-09-22 14:15:02",4369,1409,1612,"外卖 不敢 放 门口 是谁 知道 埋头 干饭 知道 今天 饿 直接 买 iPhone15 现货 Apple 授权 店 早就 上线 饿 平时 买 数码 配件 不少 iPhone15 现货 搜索 新机 发售 直接 下单 最快 30 分钟 送达 手慢 朋友 买 iPhone 15 饿"
66,4929857856997290,"IT互联网那点事","2023-08-01 09:26:08",4323,291,33,"iPhone ePhone 手机 长年 静音 加 震动 每次 电话 听力 寻找 手机"
17,4949178637354195,"Derrick_Zhang_","2023-09-23 17:00:01",3841,753,2069,"iPhone 15 系列 影像 评测 今年 iPhone 15 首发 视频 深入 四川 凉山 48 小时 完成 拍摄 iPhone 12 系列 第一次 首发 评测 时间推移 iPhone 影像 认知 有着 些许 变化 这种 变化 今年 iPhone 15 系列 获得 一种 最为 真切 体现 一期 影像 评测 将会 三个 方 全文"
52,4948770959918430,"项平辉","2023-09-22 14:00:03",3538,1191,1172,"外卖 不敢 放 门口 恭喜 盲生 发现 华点 饿 买 苹果 不能 买 Apple 饿 现在 外卖 一部 iPhone15 教给 一个 小妙 招 直接 饿 了么搜 新机 发售 进入 附近 Apple 授权 店 直接 买 行 饿 官方 蓝 骑士 全程 配送 配送 距离 最快 半小时 送到 全文"
1,4943844904278445,"测评君","2023-09-08 23:45:40",3159,1511,2766,"iPhone 15 全系 真机 机模 体验 15 Pro Max 惊喜 搞 一套 据说 超 真 iPhone 15 全系 机模 很多 手机 壳 完美 匹配 看看 iPhone 15 系列 亮点 iPhone15Pro 减轻 约 10 测评 君 微博 视频 抽奖 详情"
1,4936117826355752,"迪仔Dizzz","2023-08-18 16:01:00",2676,1956,3587,"第一台 国行 iPhone vs iPhone 14 Pro 变化 有多大 淘 一台 老 机器 iPhone GS 前段时间 出去玩 带 拍了拍 感觉 时间 重置 奇妙 尤其 这台 旧 机器 iPhone 14 Pro 起来 发现 手机 年 竟然 发生 变化 今年 苹果 进入 中国 市场 30 周年 知道 iPhone 拍 全文"
1,4948843135500850,"钟文泽","2023-09-22 18:46:51",2255,390,510,"iPhone 15 系列 开箱 15 Plus 选 今年 产品 太多 实在 忙不过来 15 数字 系列 简单 做 一个 开箱 说 说 购买 建议 拍摄 详细 评测 数字 系列 没有 新 技术 堪称 一个 青春 版 14 Pro 其实 应该 过去 三年 竞争力 最强 数字 系列 必须 要说 今年 数字 系类 盖 太 全文"
56,4945475499459749,"熊猫老湿","2023-09-13 11:45:04",2073,148,817,"苹果 新品 发布会 苹果 发布会 亮点 回顾 iPhone 帮 总结 一下 昨天 苹果 发布会 熊猫 老湿 微博 视频"
1,4945599557800526,"吴小杰WJie","2023-09-13 19:58:02",2013,1128,2732,"抱歉 来晚 一天 评论 看看 今年 iPhone 15 系列 选 今年 iPhone15 系列 标准版 Pro 定位 配置 不同 尤其 Pro Pro Max 不同 本期 视频 聊聊 今年 iPhone 15 系列 选 发布会 e 搞定 iPhone 15 买 iPhone 15 饿 签到 打卡 抽 iPhone 15 全文"
67,4926740449201421,"新青年科技Jack","2023-07-23 18:58:40",1372,310,148,"2023 年度 手机 磁吸 散热 背 夹 横评 压住 iPhone 火龙 本期 产品 黑 鲨 冰封 制冷 背 夹 Pro 磁吸版 红魔 散热器 标准 磁吸版 红魔 散热器 Pro 磁吸版 飞智 B6X 磁吸版 邦克 仕冰 环磁吸 散热 品胜 冰晶 雪花 散热器 摩米士 磁吸 散热 手机 冷却器 北通 智能 制冷 散热 磁吸 背 夹 数码 物种 草 计划 散热 背 夹 iPhone 全文"
1,4947789483345656,"李大锤同学","2023-09-19 21:00:01",1340,400,1227,"iPhone 15 15 Plus 首发 体验 年度 情侣 配色 新机 数码 物种 草 计划 iPhone15 评测 李 大锤 同学 微博 视频"
61,4939365449995152,"开箱大王","2023-08-27 15:05:55",1285,626,427,"发 朋友圈 是不是 普通 iPhone 发 朋友圈 真滴 好看 iphone 微信 朋友圈 背景图 开箱 大王 微博 视频"
46,4948769188613756,"极客村长","2023-09-22 13:53:01",1246,180,600,"外卖 不敢 放 门口 哈哈哈 现在 外卖 送 手机 这样的话 朋友 思路 打开 手机 非得 官网 网 购 平台 抢 抢 用旧 手机 饿 上点 新手机 不香吗 点 外卖 功夫 安利 快速通道 今天 饿 了么 app 搜索 新机 发售 直接 抄底 iPhone15 系列 现 全文"
69,4904516413818673,"玩手机的二次猿","2023-05-23 11:08:17",1084,246,55,"朋友 问 现在 时间 点 6.18 左右 买 iPhone14 Pro 一下 月份 iPhone15 系列 其实 每个 需求 省钱 尽早 618 iPhone14 系列 很香的 相比 官网 便宜 很多 现在 手机 自信 抢 得到 首发 多月 也许 更好 选择 毕竟 运存 G 全文"
38,4949226461334570,"高冷Lenggao","2023-09-23 20:10:03",1061,1079,1043,"第一 时间 真 机上 手实拍 带来 新鲜 Iphone15 全系列 亮点 解析 归纳 数码 评测 iphone15 iphone15promax iphone15pro 苹果 iPhone iPhone 看看 搭载 nm 制程 工艺 A17 芯片 iPhone 15 Pro 系列 到底 PRO iPhone 15 Pro amp iPhone 15 Pro Max ️ 钛 全文"
60,4939763342906759,"柯基看科技","2023-08-28 17:27:00",960,182,572,"iPhone 15 Pro Max 曝 减重 成功 前 相关 爆料 显示 配置 影像 电池容量 方面 全方位 提升 全新 iPhone 15 Pro Max 机身 重量 前作 iPhone 14 Pro Max 240 g 重量 进一步 增加 当前 各大 旗舰 中 属于 最重 一档 近日 爆料 达 人称 iPhone 15 Pro 系列 减重 成功 iPhone 全文"
65,4936152472356685,"阿狸聊数码","2023-08-18 18:18:41",874,179,461,"阿狸聊 数码 iPhone 实用 清 储存 方法 手机 内存 经常 隔 一段时间 删 相册 顶用 很多 app 阿狸 卸载 不够 后面 仔细 储存 空间 发现 很多 软件 看上去 小小 实际 占 很多 g 以下 方法 仅 适合 删除 重要 ️ 特别 占 储存 软件 ️ 微 xin 适用 ️ 步骤 如图 p2 思路 全文"
75,4593230723154178,"Apple支持","2021-01-14 11:30:04",864,350,107,"iPhone 拷贝 素材 Mac 里 直接 粘贴 Mac 刚开 个头 出门 带上 iPad 写 连续 互通 设备 之间 实现 无缝 衔接 起来 看看 用吧 Apple 支持 微博 视频"
72,4795896288777262,"凤凰网科技","2022-07-27 17:30:41",852,162,22,"部分 iPhone14 镜头 出现 问题 郭明 錤 部分 iPhone14 镜头 问题 换 供应商 苹果 挖来 兰博基尼 资深 高管 分析师 郭明 錤 上周 报道 称 苹果 内存 面板 供应商 正 面临 零部件 短缺 这会 今年 秋季 iPhone 14 出货量 造成 有限 影响 一份 新 报告 中 分析师 郭明 錤 声称 苹果 可能 不得不 再次 更换 供应商 全文"
71,4890436684223792,"望北阳","2023-04-14 14:40:28",776,283,16,"iphone iPhone15Pro 音量 双 按键 苹果 音量 键 改为 虚拟 按键 技术 成熟 15 pro 系列 依然 实体 双键 设计 其实 手机 外观设计 方面 真是 没 改 地方 其实 虚拟 按键 未必 一个 设计 苹果 没 设计 不要 硬 设计"
68,4909957700911857,"Apple支持","2023-06-07 11:30:00",700,94,34,"掌握 很多 表情 包 素材 快捷 指令 iPhone 视频 实况 照片 转换成 GIF 动图 表达 更 传神 Apple 支持 微博 视频"
75,4600116088930965,"Apple支持","2021-02-02 11:30:03",682,247,127,"这是 歌 想 知道 别急 iPhone 自带 音乐 识别 功能 iOS 14.2 系统 里 音乐 识别 控件 快速 识别 身边 app 里 正在 播放 歌曲 一键 Apple Music 中 打开 尽情 欣赏 Apple 支持 微博 视频"
57,4945339535852168,"小白测评","2023-09-13 02:44:48",669,233,24,"苹果 新品 发布会 iPhone 15 Pro 原色 钛 金属 颜色 第一 时间 上手"
1,4948864194838872,"锋潮科技","2023-09-22 20:10:31",651,200,300,"买 iPhone15 是否 符合 期待 iPhone 15 Pro 系列 评测 外观 屏幕 机身 变化 具体 静音 拨片 按键 改 Action Button 实用 全新 C 口配 上安克 安心 充 Ultra 充电 头 充电 安全 五重 保护 实际 充电 速度 多快 iPhone 15 Pro 系列 方 方面 评测 了解 一下 全文"
57,4944449350405337,"果仁儿科技","2023-09-10 15:47:31",649,302,91,"IPhone 15 pro 基本参数 终于 终于 终于 iPhone 快充 Type C 钛 金属 机身 感觉 手感 应该 挺 售价 预计 8999 觉得"
66,4930976192660881,"Apple支持","2023-08-04 11:30:00",620,78,9,"ShotoniPhone iPhone 相机 app 拍 视频 过程 中 拍照 需 轻点 右下角 白色 快门 按钮 美妙 时刻 定格"
75,4579829922662581,"邦克仕Benks","2020-12-08 12:00:05",614,876,11304,"续航 不行 强制 防沉迷 iPhone 12 必备 快 充头 大小 约同 瓶盖 汤圆 象棋 硬币 棒棒糖 兵 乒球 苹果 原装 充电 头 20 W 快充 充满 60 需 30 分钟 外出 携带 方便 无忧 续航 转发 关注 小邦 12 月 14 号 抽 平分 现金 500 元 网页 链接"
75,4589969228695741,"Apple支持","2021-01-05 11:30:03",598,307,72,"说个 敲 冷门 知识 iPhone 敲敲 静音 手指 iPhone 背面 轻敲 两下 三下 瞬间 实现 静音 锁 屏 常用 操作 时常 会 用到 iPhone 辅助 功能 方便 启用 旁白 放大器 工具 事先 设置 就行 Apple 支持 微博 视频"
30,4949099160015540,"果仁儿科技","2023-09-23 11:44:12",581,236,73,"真的假 华为 充电 线 无法 iphone15 充电 iPhone"
71,4889718133624301,"望北阳","2023-04-12 15:05:12",557,187,18,"iphone iPhone15Pro 之前 一直 消息 称 苹果 iPhone 15 Pro 系列 机型 采用 固态 按键 苹果 无法 克服 技术 问题 两款 高端 iPhone 15 Pro 系列 Pro amp Pro Max 取消 市场 高度 关注 固态 按键 设计 改回 原本 实体 按键 设计 15 c 口 升级 应该 关心"
75,4595042658030566,"Apple支持","2021-01-19 11:30:03",539,310,94,"换 新 iPhone 别忘了 交通卡 转移 新 设备 需 交通卡 旧 手机 移除 再用 同一个 Apple ID 登录 新手机 钱包 app 中 找到 原来 张卡 轻松 完成 添加 Apple 支持 微博 视频"
76,4744962132934670,"Apple支持","2022-03-09 04:16:31",535,224,117,"今天 Apple 特别 活动 高能 传送 六大 新品 Ma c# iPad iPhone 起来 见个面 苹果 发布会"
1,4947789484131278,"Derrick_Zhang_","2023-09-19 21:00:01",528,97,90,"首发 iPhone 15 系列 影像 样张 过去 一段时间 里 一直 神秘 彝族 文化 吸引 思考 使用 新 iPhone 15 拍点 时 大凉山 地方 涌 心头 真的 典雅 彝族 姑娘 源自 自然 美的 精美 服饰 映入 镜头 一种 纯粹 之美 流转 其间 以下 样张 使用 iPhone 15 系列 拍摄 未作 全文"
67,4924611982533693,"数码磕学家","2023-07-17 22:00:54",523,69,41,"Phone 15 配置 价格 曝光 终于 迎来 史诗 级 更新 iPhone15 系列 详细 参数 外观 扒 剩 估计 发布会 走走过场 今年 iPhone15 还会 抢购 iPhone15 iphone 数码"
76,4722611458934549,"Apple支持","2022-01-06 12:02:56",515,339,56,"一起 翻 相簿 一起 商量 行程 一起 在线 追 节目 FaceTime 通话 亲朋好友 聊天 时 屏幕 共享 看到 内容 充实 聊天 戳 视频 了解 一下 iPhone iPad Apple 支持 微博 视频"
62,4938325623840503,"郝智伟","2023-08-24 18:14:01",490,58,44,"苹果 再次 警告 iPhone 用户 不要 睡觉时 正在 充电 手机 放在 床头 可能 会 导致 发生 火灾 触电 受伤 会 造成 iPhone 财产 损坏 iphone 科技 潮 生活 郝智伟 微博 视频"
75,4545395521231070,"Apple支持","2020-09-04 11:30:04",478,186,111,"想要 iPhone 恢复 出厂 设置 步骤 其实 简单 点击 下方 视频 了解 抹掉 iPhone 信息 还原 设置 Apple 支持 微博 视频"
54,4947790645170980,"Derrick_Zhang_","2023-09-19 21:04:38",476,215,106,"首发 iPhone 15 系列 影像 评测 全新 iPhone 15 Pro Max 带来 全新 等效 120 mm X 镜头 焦距 提供 选择 以下 两组 照片 拍摄 同一 场景 七颗 镜头 推进 iPhone 15 系列 主观 感受 爱恨交加 外录 ProRes 4800 万 像素 细腻 像素 依然 享受 创作 快感 七 全文"
45,4948760281745703,"游戏品玩君","2023-09-22 13:17:37",454,26,23,"喜欢 俄罗斯 巧克力 加油 俄罗斯 加油 华为 华为 mate60 手机 iPhone 15 游戏 品玩君 微博 视频"
40,4948859332593554,"IT九熙","2023-09-22 19:51:13",453,115,20,"苹果 iPhone15Pro 确认 3274 mAh 电池 多位 博主 爆料 iphone15 翻车 摄像头 留有 多处 残留物 入水 测试 显示 G 信号 差 网友 评论 没有 残留 咖喱 已经 iphone 15 IT 九熙 微博 视频"
76,4703034229917526,"Apple支持","2021-11-13 11:30:01",447,205,68,"从安卓 换成 iPhone 同样 简单 安卓 设备 下载 转移 iOS app 通讯录 照片 视频 信息 重要 资料 安卓 设备 安全 转移 iPhone 看看 操作 Apple 支持 微博 视频"
54,4947086673445562,"帽子哥聊财经","2023-09-17 22:27:18",439,190,5,"苹果 iPhone 15 突然 感觉 13 卡 明显 感觉"
1,4948124818210943,"小白测评","2023-09-20 19:12:30",436,161,36,"iPhone 15 Pro Max 白色 钛 金属 上代 14 Pro Max 银色 白色 拥 趸者 iPhone 15 Pro 系列 全面 测评 视频 网页 链接 小白 测评"
23,4949121132923408,"爷爱怀旧","2023-09-23 13:11:31",432,87,10,"讲 道理 苹果 iPhone 爷爱 怀旧 微博 视频"
78,4620409805211970,"Apple支持","2021-03-30 11:30:03",426,253,61,"想 iPhone 快速 调出 健康 码 扫描 付款 码 验证 乘车 码 常用 app 小组 件 添加 主 屏幕 快速 启用 想要 功能"
58,4944738097564785,"曦彤Asuna","2023-09-11 10:54:54",399,77,9,"整了 山寨 iPhone 有点 意思 这台 手机 Viipoo 品牌 名是 缝合 OV 服务 华为 外观 苹果 智窗 设计 魅族 可谓 山寨 机 集大成者 视频 剪了 知道 今天 不能 发出 iphone"
1,4950665953544298,"Derrick_Zhang_","2023-09-27 19:30:05",380,190,376,"过去 一段时间 里 已经 使用 iPhone 15 拍摄 一系列 样张 短片 这期 视频 我来 梳理 一下 这代 iPhone 重要 升级 结合 过去 段时间 使用 感受 分享 一下 iPhone 15 选购 建议 iPhone15 评测 iPhone 15 选 Derrick Zhang 微博 视频"
67,4927468701747513,"Jacob_Tech","2023-07-25 19:12:29",376,182,23,"iPhone iPhone 不要 太 离谱 下午 出去 拍 东西 看到 一俩 型 机车 本来 想 说 拍个 合照 苹果 直接 肤色 换掉 肤色 变成 红色 色差 太 离谱 了吧 后面 重启 之后 恢复正常 看来 夏天 真的 不能 iPhone iPhone 全文"
76,4752681371440947,"Apple支持","2022-03-30 11:30:02",375,272,71,"从安卓 设备 迁移 数据 iPhone 事先 安卓 设备 下载 转移 iOS app 视频 中 方法 一步步 操作 Apple 支持 微博 视频"
74,4828430304805794,"Apple支持","2022-10-25 12:09:15",372,213,27,"现在 app 需要 得到 许可 访问 iPhone 粘贴板 一个 app 中 粘贴 内容 不要 授权 决定 iOS16 隐私 安全"
68,4909015245521020,"赵宏民","2023-06-04 21:05:01",356,26,29,"iPhone Girl 苹果 女孩 事件 2008 年 英国 男子 mark 新买 iPhone G 手机 发现 手机 主屏 张 中国 小妹妹 照片 他发 网上 以后 网友 留言 中 称赞 妹妹 笑容 可爱 称 她为 iPhone Girl 各大 媒体 跟进 报道 iPhone Girl 火遍 全球 称为 中国 最美 打工妹 传闻 说 女孩 全文"
35,4949227912827507,"巴比松ML","2023-09-23 20:15:49",350,42,35,"苹果 首席 执行官 库克 纽约 第五 大道 迎接 购买 iPhone15 客户 忘记 大门 开锁 家伙 会 开除 苹果 iphone 巴比松 ML 微博 视频"
73,4874504340508174,"肖恩玩数码","2023-03-01 15:31:01",340,146,15,"据说 Apple 量产 USB 数据线 配件 使用 非 MFi 线缆 速度 受限制 今年 iPhone 15 系列 已经 确定 会 采用 C 口 采用 定制 协议 真的 没 必要 非 认证 配件 不能 官方 更 便宜 干嘛 不用 目前 没有 听说 新 iPhone 充电 速度 提升 概率 20 w 采用 第三方 充电 线 充电 完全 没有 问题 全文"
15,4949823679627486,"阿声大魔王","2023-09-25 11:43:11",333,4,5,"iPhone15PM 开箱 千万 别忘了 手机 内容 过于 真实 iPhone 阿声 魔王 微博 视频"
72,4785296284059765,"Apple支持","2022-06-28 11:30:03",333,138,55,"反复 输错 iPhone 屏幕 密码 进入 锁定 模式 未 屏幕 右下角 看见 抹掉 iPhone 选项 系统 版本 低于 iOS 15.2 iPhone 连接 Mac Windows 电脑 上来 抹掉 重设 一个 新密码 视频 了解 操作步骤 Apple 支持 微博 视频"
65,4936480218416405,"陈雯雯噢","2023-08-19 16:01:02",332,127,10,"四川 地震 妈耶 今年 天灾人祸 太 手机 记得 打开 地震 预警 安卓 自带 苹果 一个 地震 预警 app 愿 灾区 人民 平平安安 iphone"
78,4625483234281828,"Apple支持","2021-04-13 11:30:03",323,93,86,"iPhone 语音 备忘录 录音 里 轻微 背景 噪音 录音 优化 功能 改善 轻点 一下 魔术 棒 消除 录音 中 夹杂 室内 混响 回声"
60,4939445641675622,"白问视频","2023-08-27 20:24:34",318,123,44,"说 数码 工作室 私下 只用 iPhone 今天 带 看看 白问 组 小伙伴 手机 iPhone 办公室 日常 数码 工作室 白问 视频 微博 视频"
52,4948096678889619,"羽尘VISION","2023-09-20 17:20:42",308,116,223,"iPhone 15 Pro Pro Max 全系列 快速 抢先 体验 今年 iPhone 15 全系列 全 颜色 快速 上手 抢先 体验 视频 来啦 钛合金 质感 边框 增加 弧度 手感 种颜色 好看 拍照 提升 刚刚 简短 实际 体验 剪出 一条 视频 准备 剁 手 了么 iphone15 iPhone iphone15promax 全文"
52,4948710964855696,"李杰灵","2023-09-22 10:01:39",304,157,4,"iPhone 15 Pro Max 512 G 蓝色 原价 到手 外卖 不敢 放 门口 买 iPhone 15 饿 深圳 深圳市 趣 评测 科技 有限公司"
51,4948697470470665,"Eva的科技生活","2023-09-22 09:08:02",298,139,22,"iphone 15 发售 三里屯 Apple Store 店 现场 早上 30 现在 好多 买 iphone15 北京 三里屯 太古 里"
30,4949442405075880,"科技小胖","2023-09-24 10:28:08",290,65,57,"荣耀 CEO 赵明 采访 中 明确 表态 华为 荣耀 尊敬 期待 竞争对手 荣耀 回归 华为 传闻 绝无 可能 强调 希望 华为 实力 正面 碰 认为 这种 竞争 能够 激发 行业 活力 这一 立场 表明 荣耀 不会 轻易 回头 选择 独立 发展 市场竞争 中 保持 独特性 荣耀 华为 分道扬镳 意味 全文"
12,4949858593016217,"科技数码说","2023-09-25 14:01:55",279,68,44,"说 mate60 遥遥领先 Pro Pro 直播 画质 真的 不输 iphone 15 到手 一下 这方面 输 真的 15 没 存在 意义"
50,4948665607914286,"Derrick_Zhang_","2023-09-22 07:01:25",279,42,18,"iPhone 15 Pro Max X 长焦 不同 光线 表现 未 做 调整 iphone 15 拍照 微博 手机 影像 年 人像"
56,4945789287399794,"UNCLE疯叔","2023-09-14 08:31:57",279,84,9,"iPhone 15 发布 一天 很多 议论 一天 现在 看看 预约 数据 京东 平台 量 iPhone15 36 万 台 iPhone 15 Plus 16 万 台 iPhone 15 Pro 71 万 台 iPhone 15 pro max 85 万 台 总计 在线 预约 已经 超过 200 万多台 Pro 系列 预约 量 远远 高于 标准版 仅仅 截止 目前 早上 量 明天 开售 前 全文"
66,4931338580793179,"Apple支持","2023-08-05 11:30:00",273,98,41,"值得 二刷 小妙 招 摄像头 检测 弱光 环境 iPhone 夜间 模式 会 自动 打开 利用 长 曝光 帮助 拍摄 光影 星空 照片 试试看 Apple 支持 微博 视频"
71,4890440330121406,"肖恩玩数码","2023-04-14 14:54:57",268,129,11,"iPhone15Pro 音量 双 按键 苹果 iPhone 15 Pro 消息 来了 依然 实体 音量 键 改为 双 按键 静音 拨片 改为 Action 按钮 设置 静音 自定义 功能 iphone 好处 应该 方便 维修 提升 防水 性能"
65,4936032577390570,"肖恩玩数码","2023-08-18 10:22:16",267,142,14,"等待 iPhone 15 mini 建议 iPhone se4 预计 会 沿用 iPhone 14 尺寸 大小 刘海 库存 库存 背部 单颗 镜头 其实 mini 系列 砍掉 销量 真的 惨 不怪 一部分 消费者 毕竟 没有 阉割 双卡 标准版 配置 电池 小点 无所谓 毕竟 机身 配置 会 惨 全文"
74,4814649693048591,"Apple支持","2022-09-17 11:30:00",267,420,63,"Apple 支持 问答 现在 回答 新 iPhone 数据 迁移 常见问题 iPhone 迁移 iCloud 迁移 安 卓 设备 迁移 三种 迁移 方式 相关 问题 请 下文 解答"
78,4616577302139882,"Apple支持","2021-03-19 21:41:03",265,125,56,"睡下了 暂且 琐事 放在 一边 思绪 平静下来 iPhone 设置 睡眠 定时 锁定 屏幕 添加 助眠 快捷 指令 帮助 尽快 入睡 像是 播放 一段 舒缓 音乐 打开 一本 好书 晚安 Apple 支持 微博 视频"
70,4865746389178415,"Apple支持","2023-02-05 11:30:03",256,72,66,"想要 拍出 更好 夜间 照片 试试 iPhone 使用 夜间 模式 利用 长 曝光 拍摄 光影 星空 照片 iPhone 11 更新 机型 摄像头 检测 弱光 环境 夜间 模式 会 自动 打开 尝试 以下 方法 获得 更 长时间 曝光 看看 做 Apple 支持 微博 视频"
56,4945396898464036,"科技九洲君","2023-09-13 06:32:44",254,177,73,"全员 熬夜 完 今年 苹果 新品 发布会 之前 爆料 基本 真的 15 系列 全系 登岛 iPhone 15 Pro 系列 钛 金属 边框 Max 潜望 长焦 全系 换成 C 口 感觉 不够 惊艳 玩得 挺 开心 科技 九洲 君 微博 视频"
72,4813152992889347,"Apple支持","2022-09-13 08:22:40",248,260,48,"iPhone 升级 iOS16 第一 时间 体验 心心念念 新 功能 点 视频 了解 更新 步骤 Apple 支持 微博 视频"
47,4948837027285536,"ElenaLin_青青","2023-09-22 18:22:35",247,36,26,"谁懂 ️ iPhone 15 Pro Max 录 vlog 快乐 没有 觉得 iPhone 参数 提升 体验 一段时间 发现 iPhone 15 Pro Max 录 vlog 太 香 今天 发现 电影 录像 有所 提升 可能 vision pro 空间 视频 越来越 接近 喜欢 色 pro iphone15promax 全文"
72,4780947617353440,"Apple支持","2022-06-16 11:30:00",237,214,42,"Apple 支持 问答 买 新 iPhone 原来 数据 迁移 过来 原来 使用 iPhone 或安卓 迁移 方法 下方 链接 里 如有 更 疑问 可点 开大图 寻找 解答 评论 区 举手 提问 iPhone 之间 无线 迁移 网页 链接 iCloud 迁移 网页 链接 从安卓迁 全文"
76,4688538714770420,"Apple支持","2021-10-04 11:30:01",234,203,46,"iOS15 带来 全新 实况 文本 功能 相册 app 打开 图片 上用 识别 文字 数据 直接 开启 相机 app 挖掘 真实世界 文字 信息 文字 转换 iPhone 编辑 信息 进行 拷贝 翻译 查询 拨打 电话 操作 现在 试试看 Apple 支持 微博 视频"
70,4877342793531776,"Apple支持","2023-03-09 11:30:00",233,191,54,"搭 公交 地铁 叮 一声 通行 之前 使用 哪种 公共交通 支付 方式 试试 Apple Pay 简单 拿起 iPhone 抬起 Apple Watch 无需 解锁 一刷"
53,4948355710454156,"Apple支持","2023-09-21 10:30:00",225,90,15,"iOS17 全新 待机 显示 功能 充电 时 iPhone 用作 床头 钟 滚动 播放 相册 中 精选 照片 添加 小组 件 及时 获取 需要 信息 现在 升级 系统 体验"
54,4947646037886453,"Apple支持","2023-09-19 11:30:01",220,117,37,"初次见面 留个 联系方式 升级 iOS17 两部 iPhone 相互 贴近 快速 交换 联系方式 现在 试试看 新 朋友 保持联系 Apple 支持 微博 视频"
68,4910320089563513,"Apple支持","2023-06-08 11:30:00",214,94,32,"iPhone 打电话 时 周围 吸尘器 除草机 装修 发出 嘈杂 声音 打开 语音 突显 功能 语音 更 清晰"
74,4824071781221855,"Apple支持","2022-10-13 11:30:02",213,242,24,"全力 健身 认真学习 专心 上分 iPhone 定制 一个 专注 模式 帮 专注 手头上 事 升级 iOS16 专注 模式 搭配 一个 定制 锁屏 提醒 专注 模式 开启 看看 做吧 iPhone 技巧 Apple 支持 微博 视频"
17,4949439979719893,"厂长是关同学","2023-09-24 10:18:30",209,70,7,"iPhone 15 拍照 拍照 国内 品牌 卷 拍照 多年 一家 果子 差 已经 领先 果子 拍照 方面 果子 只能 说 果子 录像 一直 喜欢 收音 真的 不怎么样 需要 配合 外 接收 音 设备 会 数码 资讯 科技 快讯"
62,4938223555451628,"Melody欧美音乐台","2023-08-24 11:28:26",208,24,20,"苹果公司 发出 警告 千万 不要 睡觉 正在 充电 iPhone 放在 身边 可能 会 导致 火灾 电击 受伤 损坏 iPhone 财产 超能 新星 汇 iPhone"
72,4806314780001707,"Apple支持","2022-08-25 11:30:03",206,62,31,"iPhone 技巧 游戏 操作 时 保持 专注 重要 iPhone 设置 游戏 专注 模式 打开 游戏 时 自动 开启 助 专心 上分"
68,4909264378529348,"Apple支持","2023-06-05 13:35:00",202,79,16,"装有 iOS 16.4 更新 版本 iPhone 本机 查看 连接 设备 保修 状态 一个 理由 升级 系统"
76,4712457571926500,"Apple支持","2021-12-09 11:35:00",198,157,57,"抹掉 iPhone 数据 以下 视频 几步 操作 完成 之前 别忘了 备份 重要 资料 Apple 支持 微博 视频"
1,4947794362369247,"爱范儿","2023-09-19 21:19:24",190,80,195,"iPhone 15 Pro 系列 全面 测评 苹果 没 告诉 细节 竟然 过去 72 小时 昼夜 不停 体验 审视 iPhone 15 Pro iPhone 15 Pro Max iPhone15 评测 可能 关心 影像 C 口 性能 内存 变化 做 全面 测试 过程 中 发掘出 苹果 没有 告诉 细节 全文"
59,4944025721506588,"龙叔vlog","2023-09-09 11:44:10",190,25,12,"iPhone 信号 差 地下 车库 扫码 商场 负 一楼 吃饭 深圳 联通 卡 会 不会 脱口而出 iPhone 苹果 苹果 手机信号 差 龙叔 vlog 微博 视频"
76,4702309450517017,"Apple支持","2021-11-11 11:30:00",190,104,53,"买 新 iPhone iCloud 备份 数据 转移 新手机 iCloud 空间 不足 临时 iCloud 备份 空间 完成 整个 迁移 过程 功能 旧 手机 升级 iOS15 之后 找到 看看 具体操作 Apple 支持 微博 视频"
72,4808126714873922,"Apple支持","2022-08-30 11:30:02",183,74,21,"iPhone 使用 测距仪 app 立刻 测量 身高 拿起 iPhone 简单 一扫 知道 iPhone 技巧 Apple 支持 微博 视频"
19,4949433113903499,"孙纬伦","2023-09-24 09:51:13",181,50,7,"暴力 使用 天 iPhone15Pro 快速 上手 体验 13 Pro 有着 感受 首批 iphone15 品控 iPhone 15 拍照 外国 运动员 杭州 疯狂 买 买买 孙纬伦 微博 视频"
55,4946226014322780,"阿五在路上","2023-09-15 13:27:20",177,36,17,"iPhone13 随手 拍 拍 星 旅程 新西兰 iphone 新西兰"
66,4929901070913960,"数码疯报","2023-08-01 12:17:51",176,76,6,"iPhone ePhone 真 有人 手机 常年 静音 模式 有人 电话 手机 不在 旁边 只能靠 振动 找 手机 app 通知 静音 挺 安静"
56,4945504838093472,"PS3保罗","2023-09-13 13:41:39",174,16,18,"总结 挺 iPhone 15 全系 真机 重点 细节 PS3 保罗 微博 视频"
71,4886040102045201,"Apple支持","2023-04-02 11:30:01",170,89,38,"值得 二刷 小妙 招 iPhone 使用 测距仪 app 立刻 测量 身高 简单 一扫 知道 Apple 支持 微博 视频"
70,4879154728408410,"Apple支持","2023-03-14 11:30:00",157,56,16,"秀一波 操作 iPhone 计算器 真的 太 科学 贴心 提示 使用 前 记得 先 关闭 竖排 方向 锁定 Apple 支持 微博 视频"
72,4787832998859567,"Apple支持","2022-07-05 11:30:03",157,79,31,"iPhone 技巧 iPhone 特定 联系人 设定 专属 来电 振动模式 方便 查看 屏幕 光听 振动 节奏 知道 来电 Apple 支持 微博 视频"
19,4949501337931980,"TESTV值不值得买","2023-09-24 14:22:19",156,12,20,"购买 iPhone 15 Pro Max 一天 BB Time 418 期 年 更 节目 摄影 部分 感觉 提升 最后 Log 模式 拍摄 一个 短片 加班 剪辑 好累 求点 赞求 评论 求 转发 gt lt 呜呜 苹果 iPhone TESTV 值不值得 买 微博 视频"
56,4945426215601525,"熊姐","2023-09-13 08:29:14",153,41,14,"有没有 一种 可能 苹果 制裁 今年 iPhone15 系列 真的 没 亮点 更换 掉 充电 口 升级 一下 芯片 影像 没了 一个 几分钟 时间 环保 短片 放 发布会 难道 连环保 变成 卖点 了吗 四个 字 平平 无奇 卖 贼 贵 256 G 512 G 之间 差 两千块 真 印证 那句话 苹果 贵了 找 全文"
72,4803053280037028,"Apple支持","2022-08-16 11:30:01",152,62,11,"ShotoniPhone 不用 解锁 iPhone 拍 精彩 时刻 锁 屏 状态 左滑 快速 抓拍 留存 每个 珍贵 瞬间 Apple 支持 微博 视频"
74,4834218641200026,"Apple支持","2022-11-10 11:30:02",151,83,14,"iPhone 设置 app 数据 聊天记录 iPhone 重要 信息 使用 iCloud 进行 备份 确保 安全 看看 做吧 Apple 支持 微博 视频"
68,4904521883454065,"Apple支持","2023-05-23 11:30:01",147,46,27,"悠扬 柔和 闹铃 中 苏醒 iPhone 健康 app 中 选取 一首 柔和 音乐 保存 闹钟 铃声 操作 看看 Apple 支持 微博 视频"
59,4940322117255650,"新浪财经","2023-08-30 06:27:22",143,30,7,"爆料 苹果 发布会 邀请函 展示 iPhone 15 Pro 颜色 据悉 苹果 活动 邀请函 Wonderlust 蓝色 银色 金属 色调 组成 一位 爆料 认为 iPhone 15 Pro 颜色 选项 最近 传闻 已经 围绕 iPhone 15 Pro 颜色 选项 得到 确认 表明 不会 金色 选项 相反 苹果 提供 三种 灰色 一种 深蓝色 邀请 全文"
76,4765002554412354,"Apple支持","2022-05-03 11:30:01",143,103,18,"拍 一顿 亲手 烹调 大餐 拍 装备 党 铺满 地板 家当 拍 小朋友 一起 完成 大作 上帝 视角 俯拍 照片 借助 iPhone 相机 网格 功能 中 两组 十字线 摆正 视角 举起 iPhone 俯拍 或仰 拍时 会 出现 学会 试试看 Apple 支持 微博 视频"
70,4859948175196425,"Apple支持","2023-01-20 11:30:00",140,53,13,"喜欢 新年 Emoji 做成 新年 款 锁定 屏幕 iPhone 升级 iOS16 表情符号 喜好 完成 自制 看看 做"
68,4907058597467831,"Apple支持","2023-05-30 11:30:01",138,43,26,"买 新 Apple Watch iPhone 配对 戳 视频 了解 Apple 支持 微博 视频"
72,4786021050354235,"Apple支持","2022-06-30 11:30:01",138,51,22,"反复 输错 屏幕 密码 时 iPhone 会 进入 锁定 模式 系统 版本 iOS 15.2 屏幕 右下角 看见 抹掉 iPhone 选项 无线 方式 抹掉 重设 一个 新密码 视频 了解 操作步骤 Apple 支持 微博 视频"
70,4861760118984039,"Apple支持","2023-01-25 11:30:02",133,27,14,"全家福 朋友 自拍 参加 聚会 合照 打开 Apple Watch 相机 遥控器 app 轻松 操控 iPhone 拍照 不用 帮忙 直接 操作 轻松 所有人 框进 照片 里 新年 玩起来"
76,4755218091479496,"Apple支持","2022-04-06 11:30:03",133,161,35,"想 原先 iPhone 数据 迁移 新 iPhone iCloud 备份 完成 iCloud 空间 不足 临时 iCloud 备份 空间 完成 整个 迁移 过程 功能 新旧 手机 安装 iOS15 更 高 版本 时 实现 Apple 支持 微博 视频"
59,4943354552912774,"电脑报","2023-09-07 15:17:11",132,40,20,"iPhone 15 国行 售价 疑 曝光 标准版 5999 元起 Pro 版涨 8999 元起 苹果 下周 发布 新 iPhone 爆料 iPhone 15 iPhone 15 Plus 价格 依然 维持 不变 售价 5999 元 6999 元 iPhone 15 Pro iPhone 15 Pro Max 将会 涨价 千元 国行 售价 8999 元 9999 元"
61,4939168689685415,"樊赟","2023-08-27 02:04:03",132,104,1,"现货 价出 分 货 挑 国行 纯原 双卡 双待 靓充 靓机 小花 机 iPhone 13 Pro 128 G 256 G 512 G T 黑白 蓝金绿 iPhone 13 ProMax 128 256 512 T 黑白 蓝金绿 iphone 13 pro iphone13promax"
76,4757392418669273,"Apple支持","2022-04-12 11:30:03",132,206,32,"一只 手 紧要 事情 占用 耽误 另一只 手 单手 打字 召唤 出 iPhone 单手 键盘 Apple 支持 微博 视频"
62,4938964852540485,"樊赟","2023-08-26 12:34:05",131,102,1,"新到 iPhone 14 ProMax 128-256 激活 新机 高 保修 充电 0-1 次 批量 改好 双卡 双待 价格 非常 巴适 iphone 14 iphone14pro 灵动 岛 iphone14 pro max"
32,4948733203317480,"Apple支持","2023-09-22 11:30:01",130,39,39,"入手 新 iPhone 想 现有 iPhone 数据传输 新 设备 两台 手机 相互 靠近 触发 快速 启动 数据传输 过程 前 请 确保 两台 手机 升级 最新 系统 视频 了解 步骤 Apple 支持 微博 视频"
68,4901985167344008,"Apple支持","2023-05-16 11:30:00",128,42,23,"Apple 产品 一个 设计 iPhone 轻点 背面 功能 手机 背面 确定 快速 轻点 两下 三下 打开 手电筒 屏幕 截屏 触发 辅助 功能 操作 看看 设置"
70,4866833548838508,"Apple支持","2023-02-08 11:30:02",125,52,11,"跳绳 计数 66 骑手 300 米 银行 网点 排号 C401 现在 iPhone 锁定 屏幕 看到 事件 进度 进一步 了解"
72,4800516573364431,"Apple支持","2022-08-09 11:30:02",124,43,16,"iPhone 当成 手边 提词 器 备忘录 里 文字 调大 几号 对照 稿子 侃侃 看看 快速 调整 字体大小 来个 新招 开学 Apple 支持 微博 视频"
74,4831681921420642,"Apple支持","2022-11-03 11:30:00",115,78,17,"讨论 小组 作业 一堂 绘画 课 演示 一招 扑克 魔术 连续 互通 相机 功能 视频 连线 视频 拍摄 时 开启 桌上 视角 借助 iPhone 超广角 摄像头 桌上 视角 模拟 俯拍 效果 让你在 进行 讲解 时 充分 展示台 面上 操作 macOS Ventura"
1,4950299104514134,"yeeie","2023-09-26 19:12:21",114,43,3,"夏季 一起 录 测评 15 pm 14 pm xs 三机 拍照 xs 猜猜 哪张 xs 拍的 iphone iphone15 iphonexs ps 收获 满腿 蚊子 包 p9 北京 北京科技大学"
58,4945253100949078,"许文臣","2023-09-12 21:01:20",114,69,0,"老板 期待 新 iphone iphone"
70,4882016414466645,"每阅壁纸","2023-03-22 09:01:19",114,12,19,"iPhone 全面 屏 系列 隐藏 dock 栏 壁纸 Walls by heyeased 浅色 适用 正常 模式 深色 适用 深色 模式 原图 上传 记得 查看 原图 保存 壁纸 iphone 手机 壁纸"
10,4950171287028736,"桑尼呀-","2023-09-26 10:44:27",112,5,0,"15 想 全网 iPhone7 手感 非常 不错 有点 拿不出手 iphone 数码"
15,4949827467874752,"桑尼呀-","2023-09-25 11:58:14",110,0,0,"iPhone 每次 开 发布会 出 新品 第一批 总是 爆出 出现 很多 问题 销量 排 队 买 why iphone 数码"
70,4884952933471529,"Apple支持","2023-03-30 11:30:00",110,77,12,"iPhone 实时 活动 功能 无需 解锁 屏幕 获知 像是 航班信息 外卖 进度 银行 排号 事件 进展 进一步 了解"
51,4948830557308757,"iBeta尝鲜派","2023-09-22 17:56:52",109,78,16,"数据传输 Tips 1. 新 iPhone 一定 记得 更新 iOS 17.0.2 进行 数据传输 可能 会 出现 图 所示 踢皮球 情况 一般来说 新 iPhone 开机 设置 语言 连上 Wi Fi 会 提示 系统 更新 点击 更新 即可 魔術師 Henry 2. Lightning 数据线 C 口 插 iPhone 15 L 口 插 旧 iPhone 测试 中 全文"
8,4949897200538412,"iBeta尝鲜派","2023-09-25 16:35:20",107,125,9,"iPhone 15 Pro 苹果 配备 久经考验 USB3 10 Gbps 接口 据说 市面上 不少 Type C 配件 正常 使用 今天 派试 一下 2.5 G 网口 Type C 转换器 公网 下行 跑 2104 Mbps 可惜 测速 页面 bug 跑 一半 Safari 会 崩溃 没法 测 上行 希望 电信 兄弟 看到 这条 微博 修 一下 bug 在内 全文"
66,4929526642250128,"Apple支持","2023-07-31 11:30:00",106,60,17,"值得 二刷 小妙 招 玩游戏 过瘾 DualSense 无线 控制器 连上 iPad iPhone 绝对 亮眼 操作 好帮手 连接 方法 先学 起来"
54,4946549040483280,"凤凰网财经","2023-09-16 10:50:56",104,54,8,"iPhone 15 系列 开售 10 分钟 内官 网 崩溃 嘴 看好 身体 诚实 iPhone 15 系列 开售 官网 一度 挤崩 受欢迎 机型 iPhone 15 系列 部分 机型 分钟 售罄 月 15 日晚 iPhone 15 系列 开售 开售 10 分钟 苹果 官方网站 一度 崩溃 天猫 Apple Store 官方 旗舰店 开售 一分钟 首批 iPhone 15 Pro 全文"
70,4857049068085232,"Apple支持","2023-01-12 11:30:00",101,46,17,"秀一波 操作 iPhone 接连 收到 好多 通知 锁定 屏幕 轻轻 滑 展开 浏览 来不及 细看 下滑 折叠 显示 通知 数量 iOS16 Apple 支持 微博 视频"
67,4925902763592334,"Apple支持","2023-07-21 11:30:00",99,49,24,"Apple 支持 问答 一时 找 不到 iPhone 手边 没有 可用 查找 Apple 设备 时 电脑 或用 亲友 设备 登陆 iCloud com cn find 查找 丢失 手机 更 功能 戳 下图 看看"
74,4834581029851526,"Apple支持","2022-11-11 11:30:02",98,61,30,"想 iCloud 云 备份 新 iPhone 传输数据 两台 手机 互相 靠近 触发 快速 功能 帮 完成 iCloud 储存 空间 不足 获得 足够 临时 储存 空间 用于 数据 顺利 传输 新 iPhone 观看 视频 了解 操作 Apple 支持 微博 视频"
4,4949553217802455,"摩羯座捧星girl","2023-09-24 17:48:28",96,142,3,"iphone iphone15promax 成为 iPhone15pro max 机主 前段时间 苹果 轰炸 不能 信 摄像头 没有 灰 卡机 灵敏度 超级 高 反应速度 很快 信号 以前 稍微 强 一点点 电量 早上 现在 46 电 害 白白 担心 几天"
54,4947618607662833,"Apple支持","2023-09-19 09:41:01",93,38,12,"iPhone 升级 iOS17 心心念念 新 功能 立马 起来 跟着 视频 了解 升级 步骤 Apple 支持 微博 视频"
64,4937499186567158,"Apple支持","2023-08-22 11:30:02",92,40,9,"秀一波 操作 iPhone 需 随手 一摇 进行 撤销 方法 备忘录 照片 文件 app 里 管用 贴心 提示 使用 前 请 确保 摇动 撤销 功能 处于 打开 状态 Apple 支持 微博 视频"
67,4925177991794132,"Apple支持","2023-07-19 11:30:01",90,50,18,"iPhone 遗漏 餐厅 便利店 AirPods 背包 里 iPad 朋友家 忘 了吗 找 不到 查找 app 帮个 忙 看看 操作 Apple 支持 微博 视频"
68,4903900908361258,"Apple支持","2023-05-21 18:22:29",86,20,15,"Apple 产品 一个 设计 iPhone 检测 附近 出现 人物 门 信息 像是 帮 确认 距离 描述 门上 标识 引导 顺利 找到 入口 信息 声音 语音 触感 反馈 进一步 了解 操作 Apple 支持 微博 视频"
64,4937646448840749,"牧之手机通讯城","2023-08-22 21:15:13",84,7,4,"权益 机和 资源 机有 区别 选择 iPhone 数码科技 权益 机 牧之 手机 通讯 城 微博 视频"
71,4887852041634831,"Apple支持","2023-04-07 11:30:01",83,99,22,"想要 取消 购买 订阅 iPhone iPad 设置 里 直接 操作 轻松 管理 订阅 简单 Apple 支持 微博 视频"
17,4949345223573980,"小泽zz6","2023-09-24 04:01:58",78,10,2,"iPhone 15 Pro 街头 瞎 拍 ShotoniPhone iPhone 15 Pro 英国 曼彻斯特"
71,4888214424520831,"Apple支持","2023-04-08 11:30:00",78,54,17,"值得 二刷 小妙 招 讨论 小组 作业 一堂 绘画 课 演示 一招 扑克 魔术 连续 互通 相机 功能 视频 连线 视频 拍摄 时 开启 桌上 视角 借助 iPhone 超广角 摄像头 桌上 视角 模拟 俯拍 效果 让你在 进行 讲解 时 充分 展示台 面上 操作"
68,4902709938885802,"Apple支持","2023-05-18 11:30:00",77,21,15,"Apple 产品 一个 设计 升级 watchOS9 配对 iPhone 使用 语音 控制 切换 控制 辅助 功能 镜像 控制 Apple Watch 看看 做 Apple 支持 微博 视频"
74,4833494105064089,"Apple支持","2022-11-08 11:30:58",74,52,18,"iPhone 使用 专注 模式 时 自定义 想要 接收 通知 app 推送 联系人 来电 全神贯注 当下 紧要 事情 看看 操作 Apple 支持 微博 视频"
66,4929948903541087,"新浪科技","2023-08-01 15:27:55",73,27,9,"iPhone15 系列 iPhone 三年 最大 升级 距离 下一代 iPhone 发布 几个 月 时间 苹果 已经 准备 月 举行 一场 盛大 发布会 传言 称 iPhone 15 系列 发布会 月 12 日 举行 外媒 近日 爆料 称 iPhone 15 Pro 系列 有望 成为 苹果 三年 最大 iPhone 升级 新机 具有 更 薄 边框 新 摄像头 系统 全文"
20,4948771743466303,"小贺不搞机","2023-09-22 14:03:10",70,41,5,"本来 准备 女朋友 换个 新 粉色 天猫 首发 抢 15 打开 相机 主摄 里面 有个 黑点 切换 镜头 黑点 没 无语 今年 品控 太差 印度 产 iphone 买 iPhone15 小贺 搞机 微博 视频"
60,4939791675689983,"科技杜小白","2023-08-28 19:19:35",66,21,7,"安 卓 用户 转到 苹果 手机 iphone 当安卓 用户 转到 苹果 科技 杜小白 微博 视频"
41,4948805230265267,"奥迪特吴","2023-09-22 16:16:14",65,32,1,"蓝色 15 pro 没人 抢 本来 蛮 担心 好看 发现 手感 很多 轻 好握 蓝色 很漂亮 iphone"
51,4948689670375630,"Eva的科技生活","2023-09-22 08:37:02",60,15,6,"iPhone15 系列 首销 日 eva 科技 生活 苹果 零售 业务 高级 副总裁 Deirdre 聊 聊 感到 非常 兴奋 迎接 首批 取货 顾客 店里 员工 彻夜 准备 今天 早上 感受 热情 取到 之前 订购 iPhone15 Pro max iPhone15 iPhone15 评测 iphone15 iPhone 15 发售 全文"
7,4950179234449771,"雄鹰_科技","2023-09-26 11:16:02",57,65,0,"苹果 iPhone 15 Pro Max 平均 交付 时间 比前 代晚 天 市场 调查 机构 Counterpoint Research 追踪 统计数据 苹果 iPhone 15 iPhone 15 Pro Max 两款 机型 首销 平均 等待时间 超出 前代 报道 指出 iPhone 15 标准版 平均 等待时间 iPhone 14 标准版 多出 天 时间 iPhone 15 Pro Max 全文"
73,4856686688339670,"Apple支持","2023-01-11 11:30:02",56,40,11,"秀一波 操作 学会 iPhone 上多选 照片 手势 下回 多张 照片 隔 空投 送 添加 新 相簿 批量 删除 需 简单 一次 操作 搞定 Apple 支持 微博 视频"
55,4946150510039175,"大公文匯網","2023-09-15 08:27:19",51,14,13,"iPhone 12 涉 辐射 超标 苹果 iPhone 12 手机 指 释出 电磁波 辐射 超标 易 致癌 欧洲 多国 震动 香港 跟进 网页 链接"
62,4938671955383339,"妮可厅长","2023-08-25 17:10:13",51,8,7,"iPhone s 一台 轻视 神机 心中 经典 iPhone 十年 前 iPhone s iOS 一经 发布 震惊 所有人 Touch ID 一种 简单 相对 安全 办法 快速 解锁 手机 保护 隐私 iOS 扁平化 设计 影响 数码 物种 草 计划 iPhone s iPhone15Pro 新增 灰色 全文"
66,4935687235180517,"Apple支持","2023-08-17 11:30:00",47,35,12,"iPhone 下载 PDF Keynote 类型 文件 时 默认 保存 文件 app iCloud 云盘 gt 下载 文件夹 中 选择 保存 位置 看看 操作"
56,4945458906794922,"姚昱-","2023-09-13 10:39:08",45,37,0,"正好 内存 快用 完 该换 新手机 分期 没 完 iPhone"
6,4950221324554288,"浪OK","2023-09-26 14:03:17",37,157,1,"iPhone15 iPhone 凑 10.10 号 惊现 发货 看错 快去 看看"
69,4903736873584261,"康治超先生","2023-05-21 07:30:40",35,30,2,"iPhone 15 Pro iPhone 15 Pro Max iPhone 16 Pro iPhone 16 Pro Max iPhone 15 Pro Max 边框 确实 窄 一点 喜欢"
1,4950283401299484,"飓风商店MediaStore","2023-09-26 18:09:57",29,9,2,"想要 影视 飓风 iPhone15Pro ProMax 手机 壳 实拍 图来啦 感兴趣 小伙伴 看看 手机 壳 上机 实际效果 选择 喜欢 颜色 影视 飓风 iphone 15 iPhone 手机 壳 飓风 商店 MediaStore 微博 视频"
22,4948830790617348,"财经新媒体","2023-09-22 17:57:48",22,1,2,"透过 财经 世界 quot 半小时 一个 价 蹭 蹭 跌 quot iPhone 15 上市 首日 破发 iPhone 15 系列 手机 今天 正式 发布 潮 新闻记者 拿到 一份 经销商 内部 价 显示 苹果 iPhone 15 已经 全面 低于 官网价 便宜 128 G 版本 iPhone15 报价 5850 元 低于 官网价 149 元 256 G 版本 iPhone15 报价 6650 低于 官网价 349 元 全文"
55,4945851380141597,"华尔街见闻APP","2023-09-14 12:38:41",21,5,6,"苹果 没有 明说 iPhone 15 AI 刚刚 结束 秋季 发布会 苹果 一如既往 没有 明确 提到 AI 事实上 苹果 今年 重磅 产品 iPhone 15 AI 含量 极 高 苹果 史上 强大 芯片 A17 Pro 15 Pro Pro Max 提供 更 准确 预测 输入 功能 包括 语音 隔离 图像增强 iPhone 15 功能 更 全文"
57,4945330194875265,"热点科技","2023-09-13 02:07:41",20,12,11,"苹果 新品 发布会 iPhone 15 Pro 搭载 A17 Pro 好像 A 系列 首款 Pro 命名 处理器 nm 制程 工艺 190 亿 晶体管 核 CPU 颗 性能 核心 颗 能效 核心 神经网络 引擎 每秒 35 万亿次 操作 支持 AV1 解码 支持 USB 最高 10 Gbps 传输速度 GPU 最大 升级 核 设计 20 性能 提升 支 全文"
6,4950372924261827,"艺术家周心怡","2023-09-27 00:05:41",19,2,0,"早上  15 Pro Max 拍 iphone 15 拍照 iPhone15ProMax 影像 分数 排 第二"
15,4949458708073271,"latter21","2023-09-24 11:32:55",19,14,1,"国内 有没有 买到 印度 产 iPhone 15 系列 贴图 张张 见识"
69,4904694391245716,"康治超先生","2023-05-23 22:55:30",19,101,3,"iPhone 14 iPhone 14 Plus iPhone 14 Pro iPhone 14 Pro Max iPhone 14 Pro Max 使用 多月 充电 136 次 电池 实际 容量 已经 掉 4310 毫安 设计 容量 4297 毫安 月底 月初 电池 健康 应该 会 掉 99 iPhone 电池 健康 剩"
57,4945328635379912,"热点科技","2023-09-13 02:01:29",18,13,10,"苹果 新品 发布会 iPhone 15 Pro 采用 可定义 按键 正常 情况 长 关闭 打开 静音 模式 自定义 功能 感觉 挺"
58,4944162158545433,"动静新闻","2023-09-09 20:46:19",18,3,5,"iPhone 15 下周 发布 指 没有 实质性 升级 股价 暴跌 近 摩根 大通 周五 发布 报告 称 即将 下周 发布 苹果 iPhone 15 没有 实质性 升级 不会 吸引 大量 用户 更新换代 摩根 大通 苹果 目标 股价 235 美元 调低 230 美元 苹果 股价 本周 累跌近 动静 新闻 微博 视频"
57,4945332410778448,"热点科技","2023-09-13 02:16:29",17,12,10,"苹果 新品 发布会 iPhone 15 Pro Pro 长焦 77 mm Pro Max 120 mm 五倍 变焦 长焦 终于 来了 三颗 镜头 焦段 确实 不错"
57,4945331721602887,"热点科技","2023-09-13 02:13:45",17,12,10,"苹果 新品 发布会 iPhone 15 Pro 依然 4800 万 四合 像素 主摄 规格 升级 支持 第二代 sensor shift OIS f 1.78 光圈 还给 35 mm 焦段 努比亚 终于 有人 懂 我了"
57,4945328279650572,"热点科技","2023-09-13 02:00:04",17,13,10,"苹果 新品 发布会 iPhone 15 Pro 应该 不会 沾 指纹 四款 颜色 看起来 像是 两种 今年 没有 银色"
73,4875356434334714,"佳姐微博","2023-03-03 23:56:56",17,3,1,"iPhone14 iPhone13 iPhone12 iPhone11 全面 图表 中 不难 发现 iPhone11 iPhone14 发展 中 手机 跨 三代 配置 来看 升级 真是 非常 明显 看到 iPhone13 iPhone14 芯片 11 12 刘海 60 HZ 屏幕 刷新率 其实 全文"
57,4945333122761148,"热点科技","2023-09-13 02:19:19",16,13,10,"苹果 新品 发布会 iPhone 15 Pro 支持 空间 视频 拍摄 拍 完 Vision Pro"
57,4945327670428030,"热点科技","2023-09-13 01:57:39",16,12,10,"苹果 新品 发布会 iPhone 15 Pro 来了 外 边框 采用 钛 金属 最轻 Pro iPhone"
58,4945325913539027,"热点科技","2023-09-13 01:50:40",16,12,10,"苹果 新品 发布会 iPhone 15 支持 全新 卫星 道路 救援 功能 没有 信号 地方 出现 车 抛锚 情况 用到 免费 两年"
58,4945325451904203,"热点科技","2023-09-13 01:48:50",16,12,10,"苹果 新品 发布会 iPhone 15 超宽带 技术升级 使用 查找 App 找到 故意 藏 起来 朋友"
60,4939682378417263,"V玩氪","2023-08-28 12:05:16",15,19,3,"打算 人人 租 官方 租个 手机 过渡 一下 发过来 说 手机 手机 受 监管 使用 监控 没用 办法 升级 做 测试 今天 刚刚 收到 货 今天 想 退回去 说 租金 没收 算不算 抢劫 没 看清 楚霸王 条款 现在 协商 扣 违约金 算 花钱买 教训 苹果 iphone 黑猫 投诉"
64,4937590039385756,"V玩氪","2023-08-22 17:31:04",15,23,0,"iPhone 15 Pro A17 GB RAM Type C 接口 更 窄 边框 兴趣 之前 买 iPhone 14 Pro Max 纯粹 体验 灵动 岛 几天 没 啥意思 还重 P 15 标准版 高刷 得多香 苹果 iphone"
71,4887567700596946,"在微博的丧失","2023-04-06 16:40:09",15,5,1,"今天 iPhone 拍 视频 霸主 地位 OPPO Find X6 Pro 彻底 结束 直接 夜景 主摄 视频 第一组 画面 整体 观感 来看 iPhone 14 Pro Find X6 Pro 其实 已经 没什么 区别 以往 安卓 苹果 起来 那种 糟糕 画面 策略 差距 已经 存在 细节 来看 第二张 图 OPPO Find X6 全文"
7,4949935126744563,"宅漫趣闻","2023-09-25 19:06:02",14,0,0,"原创 手机 壳 大象 手冲 咖啡 啊啊啊 拒绝 戴上 墨镜 新 之助啊 ️ 手机 壳 潮流 艺术 笔记 灵感 动漫 推荐 旅行 动漫 大象 iphone 手机 壳 苹果 手机 壳 手机 壳 分享 平价 手机 壳 手机 壳 安利 手机 壳 推荐 高级 小众 原创 手机 壳 平价 好物 定制 手机 壳 可爱 手机 壳 全文"
70,4876036581362445,"大肥皂","2023-03-05 20:59:36",14,10,3,"总 说 iPhone 拍照 不行 极致 暗光 真的 像是 夜视仪 代表 手机 拍不出 这种 效果 iPhone 肥皂 微博 视频"
2,4950220392893717,"宅漫趣闻","2023-09-26 13:59:35",13,0,0,"iphone iPhone15promax 上海 找 18-21 号 线下 提货 15 promax256 原色 两台 10.27 朋友 生日 正好 10.18 要来 上海 过生日 手机 生日礼物 官方 预定 买 pro 原色 256 发现 电池 太小 想换 pm 之前 不在 上海 有没有 能出 卖家 18-21 号 四天 提货 从来没 买过 首发 溢价 朋友 加钱 但别 全文"
8,4949495201664888,"次元充电站","2023-09-24 13:57:56",12,0,0,"手机 壳 分享 iPhone 日常 碎片 PLOG 挖藕 三 丽 鸥 小伙伴 一起 露营 泰裤 辣叭 日常 碎片 PLOG 话题 个性 手机 壳 推荐 话题 iPhone 话题 iphone14 话题 iPhone15 话题 苹果 话题 手机 壳 话题 手机 壳 分享 话题 可爱 话题 kitty 话题 kitty 控 话题 kitty 控 话题 全文"
8,4949902180486423,"宅漫趣闻","2023-09-25 16:55:07",12,0,0,"iphone 苹果 手机 科技 台 评论 iPhone15 实测 失望 台 评论 iPhone15 实测 失望 科技 iPhone15 苹果 iphone 手机 苹果 手机 GOAT 大会 宅漫 趣闻 微博 视频"
21,4949625209621234,"粉熊的微博","2023-09-24 22:34:32",12,3,5,"买不到 iphone iphone15 美国 georgetown"
24,4949575654442607,"我热评第一是我","2023-09-24 19:17:37",12,33,1,"iPhone 15 拍照 今天 拍"
36,4949368621760517,"艺术家周心怡","2023-09-24 05:34:56",12,2,0,"周末 妹妹 吃 brunch 顺便 试试 iPhone 15 Pro Max 拍照 功能 挺 满意 饭后 品牌 送 中秋 礼物 两只 红灯笼 真 喜庆 难道 打着灯笼 找 不到 红运 来到 哈哈哈 苹果 追加 iphone15promax 订单 最近 马思纯 iPhone 15 拍照"
30,4949499992082430,"V玩氪","2023-09-24 14:16:58",11,43,1,"苹果 iPhone 15 Pro Max 终于 进来 直播间 一起 聊聊 iPhone15 苹果 iphone ios17 iphone15 iphone15pro v 玩 氪 V 玩 氪 微博 视频"
42,4949104561491553,"康治超先生","2023-09-23 12:05:40",11,6,0,"iPhone 15 iPhone 15 Plus iPhone 15 Pro iPhone 15 Pro Max 国外 网友 晒出 印度 代工 iPhone 15 咖喱 味"
14,4949545031303577,"今天看动漫","2023-09-24 17:15:56",10,0,0,"吃谷 iphone 鋼化 膜 iphone13 一键 换新 吃 谷 屏幕 手机 壳 前 几天 屏幕 碎了 入 新手机 膜 真的 喜欢 无尘 仓 科技 适合 懒人 顺便 换 新 手机 壳 换 新 膜 宝 主题 好看 不少 浪漫生活 记录 话题 iphone 话题 苹果 手机 话题 鋼化 膜 话题 全文"
14,4949892604628699,"数码杂谈君","2023-09-25 16:17:04",10,2,1,"想 近期 选购 一台 iPhone 手机 这期 视频 或许 能够 帮助 数码 黑 科技 猎手 数码 手机 手机 推荐 手机 iPhone iPhone iphone15 数码 杂谈 君 微博 视频"
47,4948886432777959,"身为里中横","2023-09-22 21:38:54",9,3,1,"塔利班 购买 苹果 iPhone 15 迪拜 购物中心 一片 混乱 几乎 疯 抢 形容 iphone 身为 里 中 横 微博 视频"
53,4948703615910774,"ZOL中关村在线","2023-09-22 09:32:27",9,8,0,"今天 iPhone15 系列 发售日 首批 iPhone15 到货 iPhone 15 系列 新 机上 手 颜值"
62,4938874889175152,"新浪热点","2023-08-26 06:36:36",9,1,2,"祖传 设计 没了 iPhone 15 系列 改变 值得 关注 iPhone 15 系列 即将 下个月 发布 更 手机 硬件 配件 方面 细节 曝光 新款 iPhone 即将 更换 USB C 接口 外 值得注意 改变 祖传 静音 开关 替换 改为 静音 按键 推特 用户 ShrimpApplePro 泄露 CAD 图像 全文"
5,4950544642476199,"V玩氪","2023-09-27 11:28:02",8,9,1,"几天 忙 iOS 16 iOS 17 测试 已经 做 完 晚点 发 国庆 几天 会出 iPhone 15 Pro Max 一系列 体验 需要 做 测试 的吗 v 玩 氪 苹果 iPhone15 iphone"
11,4950157973258301,"菜妹要努力读书","2023-09-26 09:51:32",8,1,0,"不能 南 陪 北 iphone 十堰 湖北 汽车 工业 学院"
23,4949606632783982,"霸道总裁zyz","2023-09-24 21:20:42",8,5,0,"iPhone 15 拍照 随机 抽选 一个 买 iPhone15"
25,4949563124484515,"思葵选手","2023-09-24 18:27:50",8,12,0,"iPhone 15 拍照 真实 评价"
28,4949521882677815,"KL贤_","2023-09-24 15:43:57",8,9,0,"iPhone 15 拍照 老婆 的福 长 焦 确实 不错 颜色 14 pm 差异 15 pm 会 偏黄 一点 自拍 更 喜欢 14 pm 个人 喜好 喜欢 哈哈哈 哈哈哈"
35,4949427695650120,"失格的数码酱","2023-09-24 09:29:41",8,6,1,"iPhone 15 拍照 苹果 历代 顶配 旗舰 拍人 苹果 旗舰 挑战 死亡 光线 赢了 15 ProMax 蓝色 钛 金属 新机 首发 14 ProMax 暗紫色 二手 自用 13 ProMax 金色 二手 测评 12 ProMax 海蓝色 朋友 自用 照片 均 后置 x 镜头 拍照 無 美颜 無 滤镜 玩 一个 真实 感觉 15 PM 提升 提升 真 不大 建议 12 全文"
53,4948706325433394,"孔祥東XiangdongKong","2023-09-22 09:43:13",8,1,0,"iphone iphone15 开卖 上海 Apple 南京东路 孔祥東 XiangdongKong 微博 视频"
62,4939084547494395,"牧之手机通讯城","2023-08-26 20:29:42",8,0,0,"衣哥 直播间 抽 苹果 手机 真的 检测 iphone 数码科技 衣哥 福 袋中 奖 牧之 手机 通讯 城 微博 视频"
66,4929879634876110,"平底锅揽件指南","2023-08-01 10:52:40",8,21,1,"iPhone ePhone 本来 万年 静音 选手 错过 电话 太 多次 现在 只能 尽量 开 声音 分享 技巧 系统 设置 里把 静音 模式 提供 触感 反馈 关掉 默认 开 关掉 打开 静音 整个 手机 绝对 安静 烦人 振动 不会 非常 舒服"
7,4950344686895193,"小虎搞机","2023-09-26 22:13:28",7,4,3,"iPhone15 发布 苹果 14 ProMax 现在 手机 行情 数码 资讯 iphone14 pro max iphone 小虎 搞机 微博 视频"
39,4949198774993978,"大牙大-","2023-09-23 18:20:02",7,3,0,"开箱 iPhone 15 Plus 蓝色 蓝色 真的 明显 iPhone 15 Plus 好像 买 特别 少 开售 晚上 点 半左右 下单 22 号 第一 时间 收到 快递 人选 PLus 冲着 续航 大屏 的么 iphone15 iphone iphone15plus 手机 数码 苹果 亿点 曝光 计划 大牙 微博 视频"
46,4948899880242890,"王逸飞_是飞飞子鸭","2023-09-22 22:32:20",7,1,0,"说好 遥遥领先 抢 iPhone iphone iphone15 苏州 Apple Store 苏州 中心广场 店"
51,4948819916099605,"V玩氪","2023-09-22 17:14:35",7,5,1,"iPhone 通话录音 可能 地区 限制 功能 没 办法 现在 不会 以后 知道 会 有没有 好像 日版 iPhone 拍照 音关 掉 单独 地区 开放 不行 一个 Apple Watch 开 免提 手表 录音 算是 一个 办法 说 Apple Watch 支持 通话录音 录用 功能 全文"
52,4948788592510995,"ZOL中关村在线","2023-09-22 15:10:07",7,0,0,"苹果 称 iPhone15Pro 变色 恢复 iPhone 15 系列 新 机上 手 苹果 减肥 成功 iPhone 15 Pro Max 蓝色 钛 金属 图赏"
53,4948693985001909,"ZOL中关村在线","2023-09-22 08:54:11",7,0,0,"今天 iPhone15 系列 发售日 首批 iPhone15 到货 iPhone 15 系列 新 机上 手 颜色"
59,4940321962590619,"环球市场播报","2023-08-30 06:26:45",7,2,2,"爆料 苹果 发布会 邀请函 展示 iPhone 15 Pro 颜色 据悉 苹果 活动 邀请函 Wonderlust 蓝色 银色 金属 色调 组成 一位 爆料 认为 iPhone 15 Pro 颜色 选项 最近 传闻 已经 围绕 iPhone 15 Pro 颜色 选项 得到 确认 表明 不会 金色 选项 相反 苹果 提供 三种 灰色 一种 深蓝色 邀请 全文"
61,4939369430388390,"康治超先生","2023-08-27 15:21:44",7,0,0,"iPhone 15 iPhone 15 Plus iPhone 15 Pro iPhone 15 Ultra 苹果 分析师 预计 苹果 月 13 日 推出 全新 iPhone 15 系列 月 15 日 晚八点 预购 月 22 日 正式 发售 具体 发布会 为准 15 发布会 邀请函 应该 月初 公布"
18,4949732105912512,"艺术家周心怡","2023-09-25 05:39:18",6,0,0,"周日 不养马 享受 一下 放牛 吃 草 闲适 漫步 晴朗 凉爽 秋天里 吃 一球 久违 冰淇淋 偶尔 放纵 有种 奇妙 快感 带 新手机 试试 功能 iPhone 15 Pro Max 拍摄 效果 进步 不少 觉得 已经 有人 iphone15 iPhone 15 拍照 全文"
24,4949588471712022,"爱喝牛奶的丁小晴","2023-09-24 20:08:33",6,24,0,"iPhone15 苹果 iphone 说会 提前 发货 货"
33,4949449749565090,"亭中晚风忆_","2023-09-24 10:57:19",6,0,0,"iPhone 15 拍照 昨天 刷到 评价 国产 华为"
34,4949441234337944,"匣里瞌睡","2023-09-24 10:23:28",6,6,0,"取完 手机 走出 Apple Store 一群 黄牛 围上来 Pro Max 卖吗 加 一千 收 说 蓝色 黄牛 一哄而散 嘴里 念叨 蓝色 没人要 蓝色 不受 待见 苹果 iphone"
38,4949233884205186,"幽灵礼物","2023-09-23 20:39:33",6,0,1,"iphone 100 pro"
44,4948949808710050,"TsoorLeo","2023-09-23 01:50:44",6,4,1,"钛 好看 iPhone 15 Pro 速览 iPhone 15 Pro 正式 上架 钛 金属 边框 四款 独特 颜色 究竟 哪款 好看 影像 升级 静音 拨片 好奇 新机 种种 问题 没 来得及 体验 先来 看看 一触 肖像 图 赏 解解馋 欢迎 评论 区里 互动 了解 更 细节 喔 iPhone iPhone15Pro 全文"
51,4948846927416237,"千岛呀千岛酱","2023-09-22 19:01:55",6,2,2,"出乎意料 因素 夸嚓 一下 手机 升级 iOS 17 到处 乱逛 打开 屏幕 距离 功能 真好 平时 容易 变成 揣着 手机 瞅 开 功能 之后 离得 近 弹 全屏 提醒 非常 十分 地训 小心 成 iOS17 0.1 小白鼠 盆友 一起 苦中作乐 一下 iphone15 全文"
56,4945527404236430,"IT之家","2023-09-13 15:11:19",6,0,0,"iOS 17 RC 代码 暗示 苹果 iPhone 15 系列 支持 限制 电池 最大 充电 量 苹果 新品 发布会 iPhone 15 苹果公司 今日 发布 iPhone 15 系列 新机 之前 传言 一致 两款 手机 取消 Lightning 接口 改用 USB C 接口 意味着 用户 使用 一根 详情 点击 iOS 17 RC 代码 暗示 苹果 iPhone 15 系列 支持 限制 电池 最大 充电 量"
61,4939453006872771,"平陵城节度使","2023-08-27 20:53:49",6,15,2,"iPhone14 pro max iPhone13 pro max 相比 真的 差劲 续航 13 流畅 度 13 电池 寿命 更是 13 真是 库克 搞 鬼 苹果 iphone iphone15 海口"
63,4938724997075848,"李多鱼同学","2023-08-25 20:40:59",6,0,2,"目前 苹果 A 系列 处理器 现状 A11 iPhone X 玩游戏 嘎嘎 流畅 换块 电池 再战 年 A12 iPhone XS XR 玩游戏 轻微 卡顿 接受 电池 该换 换 A13 iPhone 11 系列 钉子户 游戏 玩 不出 全面 屏不换 手机 A14 iPhone 12 系列 羡慕 iPhone 13 想换 iPhone 15 A15 iPhone 13 Pro 全文"
11,4949988960113039,"锚思科技网","2023-09-25 22:39:57",5,1,2,"iFixit 表示 iPhone 15 Pro Max 主 镜头 超 广角镜头 看起来 iPhone 14 Pro Max 相同 推特博主 Tech Reve 分享 CMOS 信息 一致 表明 超过 倍 光学 变焦 相机 改进 A17 Pro 芯片 软件 优化"
16,4949815849387537,"康治超先生","2023-09-25 11:12:04",5,6,0,"iPhone 15 拍照 iPhone 15 首发 用户 iPhone 15 拍照"
27,4949532142472097,"muscle爱吃啊","2023-09-24 16:24:43",5,4,0,"iPhone 15 拍照 蓝色 好看 南京 ist 艾尚 天地 购物中心"
31,4949487149647464,"程佩文","2023-09-24 13:25:56",5,11,0,"iphone 15 拍照 0.5 25 倍"
43,4949055874531382,"炒肉大大家","2023-09-23 08:52:11",5,1,0,"形象 太 形象 iPhone 苹果 苹果 手机"
45,4948918419328615,"半岛嘉人","2023-09-22 23:46:00",5,0,1,"今天 首发 15 pro Max 原色 倒 数据 突然 摸 边框 居然 划痕 难道 真的 咖喱 国 生产 残次品 iphone15 开卖 iphone 半岛 嘉人 微博 视频"
47,4948895136482401,"幃幃WeiWei","2023-09-22 22:13:29",5,1,0,"一定 看到 最後 苹果 iphone15 iPhone 手机 防水 重不 重要 幃 幃 WeiWei 微博 视频"
51,4948835615643405,"ZOL中关村在线","2023-09-22 18:16:58",5,0,0,"苹果 iPhone15Pro 确认 3274 mAh 电池 苹果 称 iPhone15Pro 变色 恢复 iPhone 15 系列 新 机上 手 iPhone 15 美图 欣赏 标准版 岛"
56,4945519249461079,"中国新闻周刊","2023-09-13 14:38:55",5,4,1,"iPhone15Pro 取消 静音 拨片 发布会 苹果 发布 Apple Watch Series Apple Watch Ultra iPhone 15 系列 新品 iPhone 15 系列 无疑 最受 关注 之前 媒体报道 称 会 近三年 变化 最大 一代 iPhone 发布会 前一天 一个 iPhone 新品 硬件 变化 词条 热 搜 引发 很多 网友 全文"
60,4939688764511294,"郝智伟","2023-08-28 12:30:39",5,0,2,"国外 爆料 苹果 Apple 计划 2024 年 推出 具有 以下 新 功能 新款 iPad Pro 钱包 空了 11 英寸 13 英寸 OLED 显示屏 M3 芯片 改进 妙控 键盘 配有 更大 触控 苹果 取消 iPhone 15 金色 款 新 钛 灰色 蓝色 取代 iphone 科技 潮 生活"
62,4938750651533546,"李多鱼同学","2023-08-25 22:22:55",5,1,1,"A7 10 亿 晶体管 A8 20 亿 晶体管 A9 20 亿 晶体管 A10 33 亿 晶体管 A11 43 亿 晶体管 A12 69 亿 晶体管 A13 85 亿 晶体管 A14 118 亿 晶体管 A15 150 亿 晶体管 A16 160 亿 晶体管 苹果 发布会 公布 A 系列 处理器 晶体管 数量 2013 年 iPhone s 发布会 这颗 A7 10 亿 晶体管 达到 桌面处理器 标准 全文"
64,4937491348719010,"锚思科技网","2023-08-22 10:58:54",5,3,0,"张图 来看 今年 iPhone 15 Pro 系列 至少 种颜色 喜欢 蓝色 那款 你呢"
14,4949880382949887,"奶糖都没你甜·","2023-09-25 15:28:30",4,0,0,"推荐 一个 好用 流量 卡 随身 wifi iphone 683"
14,4949855807211161,"堂堂唐家大少爷的微博","2023-09-25 13:50:51",4,3,0,"iphone apple watch iPhone Apple Watch 用得 真的 挺 割裂 iOS 16 手机 消息 排列 方式 改成 越 新 信息 排列 越靠 而同 时期 watchos 老 版本 新 消息 排列 更新 watchos 10 会 有所改善 无语 告诉 改 watch 消息 排列 方式"
18,4949659681816890,"看-什-么-看说你呢","2023-09-25 00:51:31",4,1,0,"iPhone 15 拍照 试过 15 pro 样机 拍出来 发灰 没有 太 严重 可能 是因为 店里 光线 很足 锐化 有点 明显 每个 毛孔 看得 清清楚楚 14 p 感觉 14 p 亮度 建议 买 14 p 个人 喜好 想 买 15"
25,4949557676083690,"戚白芷sy","2023-09-24 18:06:11",4,0,0,"iPhone 15 拍照 喜欢"
29,4949508851766074,"钓鱼别来岛上钓","2023-09-24 14:52:10",4,3,0,"iPhone 15 拍照 试过 14 好看"
29,4949502881956463,"埋葬于热泪","2023-09-24 14:28:27",4,0,0,"iPhone 15 拍照 送 一台 看看 实力"
35,4949425173562689,"失格的数码酱","2023-09-24 09:19:40",4,0,0,"iPhone 15 拍照 华为 苹果 不同 焦距 拍照 iPhone15ProMax 首次 牛 长焦 派出 华为 标准版 旗舰 P60 出站 测试 正常 焦距 倍 25 倍 焦距 苹果 最大 大了 拍照 测试 觉得 更好 个人 觉得 iPhone15ProMax 拍照 有点 偏粉 说 设置 错过"
36,4949289443524716,"产品清流","2023-09-24 00:20:18",4,1,1,"Iphone15 仅用 一天 销量 超过 华为 mate60 科技 互联网 华为 iphone 互联网 老二 微博 视频 专栏 数码科技"
37,4949248786563755,"坏脾气的奥特曼","2023-09-23 21:38:46",4,2,0,"iphone 15 拍照 pro 拍照 锐化 变 灰 气死我 算了 垃圾 iphone15 锐化 拍照"
41,4949124743957003,"爷爱怀旧","2023-09-23 13:25:52",4,3,1,"渠道 机 iphone 苹果 爷爱 怀旧 微博 视频"
48,4948876581146614,"Paroxet_1ne","2023-09-22 20:59:45",4,6,0,"真的 懂 apple 云端 部门 2019 年 干什么 每年 传 数据 新手机 花 巨长 时间 今天 11 am 拿到 手机 直到现在 23 pm 依然 没有 传输 完 数据 尤其 新手机 默认 系统 事情 没有 记错 iPhone13 一年 出现 今年 情况 bug 导致 数据传输 不畅 线下 门店 提货 时 没有 员工 全文"
50,4948858428199410,"i林西瓜","2023-09-22 19:47:37",4,0,0,"iphone15 iphone15 iphone15promax iphone 15 pro 苹果"
53,4948680060961954,"ZOL中关村在线","2023-09-22 07:58:51",4,0,0,"首批 iPhone15 到货 iPhone 15 系列 新 机上 手 准备 冲啦"
53,4948678269732135,"ZOL中关村在线","2023-09-22 07:51:44",4,0,0,"首批 iPhone15 到货 iPhone 15 系列 新 机上 手 会 选购 首批"
61,4939239422166106,"質感鄉民","2023-08-27 06:45:07",4,0,1,"攝影 新手 不會 拍照 沒有 相機 湊合 手機 拍拍 a7CLUB 摄影 手机 摄影 iphone 英国 Edinburgh Castle"
63,4938322105082953,"极果研究室","2023-08-24 18:00:02",4,1,3,"iPhone 15 全系列 即将 告别 11 年 Lightning 拥抱 更 通用 TypeC 标准 已经 板上钉钉 事情 苹果 即将 完成 接口 大一统 苹果 接口 故事 知道 肯定 不多 婉婉 详细 调查 欲知 详情 请 本期 内容 数码 Apple iphone 极果 研究室 微博 视频"
65,4936938010185404,"牧之手机通讯城","2023-08-20 22:20:08",4,0,1,"有锁 黑解 卖 无锁 价格 真是 玩游戏 文字 高手 iphone 真假 辨别 避坑 指南 长见识了 牧之 手机 通讯 城 微博 视频"
